B00-001,001-01-ABR,978-007-132522-6
B00-002,001-02-ABR,978-007-132522-6
B00-003,001-03-ABR,978-007-132522-6
B00-004,001-04-ABR,978-007-132522-6
B00-005,001-05-ABR,978-007-132522-6
B00-006,001-06-ABR,978-007-132522-6
B00-007,001-07-ABR,978-007-132522-6
B00-008,001-08-ABR,978-007-132522-6
B00-009,001-09-ABR,978-007-132522-6
B00-010,001-10-ABR,978-007-132522-6
B00-011,001-11-ABR,978-007-132522-6
B00-012,001-12-ABR,978-007-132522-6
B00-013,001-13-ABR,978-007-132522-6
B00-014,001-14-ABR,978-007-132522-6
B00-015,001-15-ABR,978-007-132522-6
B00-016,001-16-ABR,978-007-132522-6
B00-017,001-17-ABR,978-007-132522-6
B00-018,001-18-ABR,978-007-132522-6
B00-019,001-19-ABR,978-007-132522-6
B00-020,001-20-ABR,978-007-132522-6
B00-021,001-21-ABR,978-007-132522-6
B00-022,001-22-ABR,978-007-132522-6
B00-023,001-23-ABR,978-007-132522-6
B00-024,001-24-ABR,978-007-132522-6
B00-025,001-25-ABR,978-007-132522-6
B00-026,001-26-ABR,978-007-132522-6
B00-027,001-27-ABR,978-007-132522-6
B00-028,001-28-ABR,978-007-132522-6
B00-029,001-29-ABR,978-007-132522-6
B00-030,001-30-ABR,978-007-132522-6
B00-031,001-31-ABR,978-007-132522-6
B00-032,001-32-ABR,978-007-132522-6
B00-033,001-33-ABR,978-007-132522-6
B00-034,001-34-ABR,978-007-132522-6
B00-035,001-35-ABR,978-007-132522-6
B00-036,001-36-ABR,978-007-132522-6
B00-037,001-37-ABR,978-007-132522-6
B00-038,001-38-ABR,978-007-132522-6
B00-039,001-39-ABR,978-007-132522-6
B00-040,001-40-ABR,978-007-132522-6
B00-041,001-41-ABR,978-007-132522-6
B00-042,001-42-ABR,978-007-132522-6
B00-043,001-43-ABR,978-007-132522-6
B00-044,001-44-ABR,978-007-132522-6
B00-045,001-45-ABR,978-007-132522-6
B00-046,001-46-ABR,978-007-132522-6
B00-047,001-47-ABR,978-007-132522-6
B00-048,001-48-ABR,978-007-132522-6
B00-049,001-49-ABR,978-007-132522-6
B00-050,001-50-ABR,978-007-132522-6
B00-051,002-01-LPS,978-008-121222-9
B00-052,002-02-LPS,978-008-121222-9
B00-053,002-03-LPS,978-008-121222-9
B00-054,002-04-LPS,978-008-121222-9
B00-055,002-05-LPS,978-008-121222-9
B00-056,002-06-LPS,978-008-121222-9
B00-057,002-07-LPS,978-008-121222-9
B00-058,002-08-LPS,978-008-121222-9
B00-059,002-09-LPS,978-008-121222-9
B00-060,002-10-LPS,978-008-121222-9
B00-061,002-11-LPS,978-008-121222-9
B00-062,002-12-LPS,978-008-121222-9
B00-063,002-13-LPS,978-008-121222-9
B00-064,002-14-LPS,978-008-121222-9
B00-065,002-15-LPS,978-008-121222-9
B00-066,002-16-LPS,978-008-121222-9
B00-067,002-17-LPS,978-008-121222-9
B00-068,002-18-LPS,978-008-121222-9
B00-069,002-19-LPS,978-008-121222-9
B00-070,002-20-LPS,978-008-121222-9
B00-071,002-21-LPS,978-008-121222-9
B00-072,002-22-LPS,978-008-121222-9
B00-073,002-23-LPS,978-008-121222-9
B00-074,002-24-LPS,978-008-121222-9
B00-075,002-25-LPS,978-008-121222-9
B00-076,002-26-LPS,978-008-121222-9
B00-077,002-27-LPS,978-008-121222-9
B00-078,002-28-LPS,978-008-121222-9
B00-079,002-29-LPS,978-008-121222-9
B00-080,002-30-LPS,978-008-121222-9
B00-081,002-31-LPS,978-008-121222-9
B00-082,002-32-LPS,978-008-121222-9
B00-083,002-33-LPS,978-008-121222-9
B00-084,002-34-LPS,978-008-121222-9
B00-085,002-35-LPS,978-008-121222-9
B00-086,002-36-LPS,978-008-121222-9
B00-087,002-37-LPS,978-008-121222-9
B00-088,002-38-LPS,978-008-121222-9
B00-089,002-39-LPS,978-008-121222-9
B00-090,002-30-LPS,978-008-121222-9
B00-091,002-31-LPS,978-008-121222-9
B00-092,002-32-LPS,978-008-121222-9
B00-093,002-33-LPS,978-008-121222-9
B00-094,002-34-LPS,978-008-121222-9
B00-095,002-35-LPS,978-008-121222-9
B00-096,002-36-LPS,978-008-121222-9
B00-097,002-37-LPS,978-008-121222-9
B00-098,002-38-LPS,978-008-121222-9
B00-099,002-39-LPS,978-008-121222-9
B00-100,002-40-LPS,978-008-121222-9
B00-101,002-41-LPS,978-008-121222-9
B00-102,002-42-LPS,978-008-121222-9
B00-103,002-43-LPS,978-008-121222-9
B00-104,002-44-LPS,978-008-121222-9
B00-105,002-45-LPS,978-008-121222-9
B00-106,002-46-LPS,978-008-121222-9
B00-107,002-47-LPS,978-008-121222-9
B00-108,002-48-LPS,978-008-121222-9
B00-109,002-49-LPS,978-008-121222-9
B00-110,002-40-LPS,978-008-121222-9
B00-111,002-41-LPS,978-008-121222-9
B00-112,002-42-LPS,978-008-121222-9
B00-113,002-43-LPS,978-008-121222-9
B00-114,002-44-LPS,978-008-121222-9
B00-115,002-45-LPS,978-008-121222-9
B00-116,002-46-LPS,978-008-121222-9
B00-117,002-47-LPS,978-008-121222-9
B00-118,002-48-LPS,978-008-121222-9
B00-119,002-49-LPS,978-008-121222-9
B00-120,002-50-LPS,978-008-121222-9
B00-121,003-01-XYZ,891-098-109822-2
B00-122,003-02-XYZ,891-098-109822-2
B00-123,003-03-XYZ,891-098-109822-2
B00-124,003-04-XYZ,891-098-109822-2
B00-125,003-05-XYZ,891-098-109822-2
B00-126,003-06-XYZ,891-098-109822-2
B00-127,003-07-XYZ,891-098-109822-2
B00-128,003-08-XYZ,891-098-109822-2
B00-129,003-09-XYZ,891-098-109822-2
B00-130,003-10-XYZ,891-098-109822-2
B00-131,003-11-XYZ,891-098-109822-2
B00-132,003-12-XYZ,891-098-109822-2
B00-133,003-13-XYZ,891-098-109822-2
B00-134,003-14-XYZ,891-098-109822-2
B00-135,003-15-XYZ,891-098-109822-2
B00-136,003-16-XYZ,891-098-109822-2
B00-137,003-17-XYZ,891-098-109822-2
B00-138,003-18-XYZ,891-098-109822-2
B00-139,003-29-XYZ,891-098-109822-2
B00-140,003-20-XYZ,891-098-109822-2
B00-141,010-01-XYZ,123-456-123456-9
B00-142,010-02-XYZ,123-456-123456-9
B00-143,010-03-XYZ,123-456-123456-9
B00-144,010-04-XYZ,123-456-123456-9
B00-145,010-05-XYZ,123-456-123456-9
B00-146,010-06-XYZ,123-456-123456-9
B00-147,010-07-XYZ,123-456-123456-9
B00-148,010-08-XYZ,123-456-123456-9
B00-149,010-09-XYZ,123-456-123456-9
B00-150,010-11-XYZ,123-456-123456-9
B00-151,010-11-XYZ,123-456-123456-9
B00-152,010-12-XYZ,123-456-123456-9
B00-153,010-13-XYZ,123-456-123456-9
B00-154,010-14-XYZ,123-456-123456-9
B00-155,010-15-XYZ,123-456-123456-9
B00-156,011-01-XYZ,978-007-132522-1
B00-157,011-02-XYZ,978-007-132522-1
B00-158,011-03-XYZ,978-007-132522-1
B00-159,011-04-XYZ,978-007-132522-1
B00-160,011-05-XYZ,978-007-132522-1
B00-161,011-06-XYZ,978-007-132522-1
B00-162,011-07-XYZ,978-007-132522-1
B00-163,011-08-XYZ,978-007-132522-1
B00-164,011-09-XYZ,978-007-132522-1
B00-165,011-10-XYZ,978-007-132522-1
B00-166,012-01-XYZ,978-008-121221-9
B00-167,012-02-XYZ,978-008-121221-9
B00-168,012-03-XYZ,978-008-121221-9
B00-169,012-04-XYZ,978-008-121221-9
B00-170,012-05-XYZ,978-008-121221-9
B00-171,012-06-XYZ,978-008-121221-9
B00-172,012-07-XYZ,978-008-121221-9
B00-173,012-08-XYZ,978-008-121221-9
B00-174,012-09-XYZ,978-008-121221-9
B00-175,012-10-XYZ,978-008-121221-9
B00-176,012-11-XYZ,978-008-121221-9
B00-177,012-12-XYZ,978-008-121221-9
B00-178,012-13-XYZ,978-008-121221-9
B00-179,012-14-XYZ,978-008-121221-9
B00-180,012-15-XYZ,978-008-121221-9
B00-181,013-01-XYZ,891-098-109872-2
B00-182,013-02-XYZ,891-098-109872-2
B00-183,013-03-XYZ,891-098-109872-2
B00-184,013-04-XYZ,891-098-109872-2
B00-185,013-05-XYZ,891-098-109872-2
B00-186,013-06-XYZ,123-456-123564-9
B00-187,013-07-XYZ,123-456-123564-9
B00-188,013-08-XYZ,123-456-123564-9
B00-189,013-09-XYZ,123-456-123564-9
B00-190,013-10-XYZ,123-456-123564-9
B00-191,013-11-XYZ,123-456-123564-9
B00-192,013-12-XYZ,123-456-123564-9
B00-193,013-13-XYZ,123-456-123564-9
B00-194,013-14-XYZ,123-456-123564-9
B00-196,013-15-XYZ,123-456-123564-9
B00-197,014-01-TEC,432-213-123
B00-198,014-02-TEC,432-213-123
B00-199,014-03-TEC,432-213-123
B00-200,014-04-TEC,432-213-123
B00-201,014-05-TEC,432-213-123
B00-202,014-06-TEC,432-213-123
B00-203,014-07-TEC,432-213-123
B00-204,014-08-TEC,432-213-123
B00-205,014-09-TEC,432-213-123
B00-205,014-10-TEC,432-213-123
B00-206,015-01,456-123-453
B00-207,015-02,456-123-453
B00-208,015-03,456-123-453
B00-209,015-04,456-123-453
B00-210,015-05,456-123-453
